{"cameraMode":{"drawMode":0,"name":"Shaded","section":"Shading Mode"},"sceneLighting":true,"audioPlay":false,"sceneViewState":{"showFog":true,"showMaterialUpdate":false,"showSkybox":true,"showFlares":true,"showImageEffects":true,"showParticleSystems":true},"in2DMode":false,"pivot":{"x":54.73933029174805,"y":0.8041224479675293,"z":-4.794421195983887},"rotation":{"x":0.005572244990617037,"y":-0.20347364246845246,"z":-0.0011535974917933345,"w":-0.9790775179862976},"size":0.8142415881156921,"orthographic":false}