{"cameraMode":{"drawMode":0,"name":"Shaded","section":"Shading Mode"},"sceneLighting":true,"audioPlay":false,"sceneViewState":{"showFog":true,"showMaterialUpdate":false,"showSkybox":true,"showFlares":true,"showImageEffects":true,"showParticleSystems":true},"in2DMode":false,"pivot":{"x":103.58712768554688,"y":5.533702850341797,"z":125.72489929199219},"rotation":{"x":-0.09746363013982773,"y":-0.5650930404663086,"z":0.06746150553226471,"w":-0.8164910078048706},"size":43.299102783203128,"orthographic":false}